<?xml version="1.0" encoding="UTF-8"?>
<beans xmlns="http://www.springframework.org/schema/beans"
	xmlns:xsi="http://www.w3.org/2001/XMLSchema-instance"
	xmlns:context="http://www.springframework.org/schema/context"
	xsi:schemaLocation="http://www.springframework.org/schema/beans https://www.springframework.org/schema/beans/spring-beans.xsd
		http://www.springframework.org/schema/context http://www.springframework.org/schema/context/spring-context-4.3.xsd">
	
	<!-- Root Context: defines shared resources visible to all other web components -->
	<context:component-scan base-package="*.service"/>
	<context:component-scan base-package="*.dao"/>
	<context:component-scan base-package="*.bean"/>
	<!-- 
	<context:component-scan base-package="serviceCenter.bean"/>
	<context:component-scan base-package="serviceCenter.service"/>
	<context:component-scan base-package="serviceCenter.dao"/>
	
	<context:component-scan base-package="style.bean"/>
	<context:component-scan base-package="style.service"/>
	<context:component-scan base-package="style.dao"/>
	
	<context:component-scan base-package="user.dao"/>
	<context:component-scan base-package="user.service"/>
	 -->
	<context:component-scan base-package="spring.conf" />
</beans>
